{
  "metadata": {
    "thread_counts": [
      1,
      4,
      8,
      16,
      32,
      64
    ],
    "io_size_labels": [
      "64K",
      "128K",
      "256K",
      "512K",
      "1M",
      "2M",
      "4M",
      "8M"
    ]
  },
  "data": {
    "CPUONLY": {
      "throughput": [
        [
          0.152469,
          0.26117,
          0.414248,
          0.578068,
          0.565348,
          0.568225,
          0.577506,
          0.572973
        ],
        [
          0.540033,
          0.789152,
          1.086652,
          1.104094,
          1.088801,
          1.080391,
          1.083259,
          1.08143
        ],
        [
          0.836049,
          1.076984,
          1.053262,
          1.123994,
          1.129315,
          1.117614,
          1.118362,
          1.1194
        ],
        [
          0.994074,
          1.060973,
          1.120867,
          1.12639,
          1.12329,
          1.120485,
          1.107331,
          1.087737
        ],
        [
          0.993441,
          1.087584,
          1.090756,
          1.106212,
          1.122596,
          1.095533,
          1.101319,
          1.069289
        ],
        [
          1.025168,
          1.087341,
          1.092217,
          1.12571,
          1.121396,
          1.126329,
          1.068233,
          1.021527
        ]
      ],
      "iops": [
        [
          2498.0479070234733,
          2139.507210892529,
          1696.7602905701997,
          1183.882839321853,
          578.9163692378943,
          290.93110566432773,
          147.84143627955348,
          73.34050557245995
        ],
        [
          8847.897159784274,
          6464.730336991869,
          4450.928140341348,
          2261.184153791194,
          1114.9320195002053,
          553.1601178181616,
          277.3143560830297,
          138.42306675252544
        ],
        [
          13697.819939847417,
          8822.654733941103,
          4314.160849506365,
          2301.9400319271776,
          1156.418317666152,
          572.2183901666812,
          286.3006671177363,
          143.2832282960037
        ],
        [
          16286.914382392424,
          8691.492323112161,
          4591.069704152401,
          2306.8476622185954,
          1150.2488842925661,
          573.6884152922094,
          283.47668141029067,
          139.23039516175982
        ],
        [
          16276.534349062445,
          8909.491224246749,
          4467.737016627545,
          2265.5228944736855,
          1149.5384638418893,
          560.91306472439,
          281.93762421142344,
          136.869006273676
        ],
        [
          16796.36045857987,
          8907.497796313595,
          4473.722318493241,
          2305.4531163602633,
          1148.309366337562,
          576.6803947732119,
          273.4676275065704,
          130.7554220851424
        ]
      ]
    },
    "CPU_GPU": {
      "throughput": [
        [
          0.133594,
          0.219962,
          0.306266,
          0.39437,
          0.392275,
          0.382734,
          0.391264,
          0.382689
        ],
        [
          0.447735,
          0.658977,
          0.827244,
          0.889111,
          0.847647,
          0.770023,
          0.706995,
          0.620418
        ],
        [
          0.724719,
          1.014614,
          0.983895,
          1.011178,
          1.005857,
          0.916667,
          0.840629,
          0.696714
        ],
        [
          0.983819,
          1.063914,
          1.100767,
          1.068469,
          0.999162,
          0.923699,
          0.839825,
          0.683286
        ],
        [
          1.005289,
          1.103092,
          1.116685,
          1.053272,
          1.005367,
          0.896358,
          0.852786,
          0.684293
        ],
        [
          1.065023,
          1.08159,
          1.11725,
          1.055289,
          0.944936,
          1.116448,
          1.056321,
          1.026407
        ]
      ],
      "iops": [
        [
          2188.805003810641,
          1801.9327244518913,
          1254.4648112275472,
          807.6702789633604,
          401.6892156942314,
          195.95988131478288,
          100.1635788316634,
          48.98414542896463
        ],
        [
          7335.69547493148,
          5398.342821071309,
          3388.3902548920755,
          1820.8983859176906,
          867.9908622691727,
          394.2517232266254,
          180.990597871184,
          79.41355210191702
        ],
        [
          11873.799843095047,
          8311.719442546639,
          4030.033346349065,
          2070.893281226892,
          1029.9974699700138,
          469.3336846882585,
          215.20098305035026,
          89.17936160568651
        ],
        [
          16118.897728079322,
          8715.582079315056,
          4508.740071863426,
          2188.224544121712,
          1023.1416233518968,
          472.93399638020134,
          214.9951285031559,
          87.46058838832784
        ],
        [
          16470.66019205259,
          9036.527450496105,
          4573.942259026739,
          2157.1012487306243,
          1029.4962439564893,
          458.93536722733324,
          218.3132410462806,
          87.58947749978103
        ],
        [
          17449.329554326698,
          8860.382418682879,
          4576.256901227057,
          2161.2325929268327,
          967.6141443988694,
          571.6216206650973,
          270.418082324846,
          131.38005086254503
        ]
      ]
    },
    "GPUD": {
      "throughput": [
        [
          0.142515,
          0.231796,
          0.382949,
          0.504668,
          0.481376,
          0.485502,
          0.48984,
          0.515456
        ],
        [
          0.496469,
          0.77063,
          1.08494,
          1.112721,
          1.107903,
          1.081599,
          1.072657,
          1.077407
        ],
        [
          0.840859,
          1.035756,
          1.064612,
          1.116211,
          1.115864,
          1.109883,
          1.094589,
          1.098854
        ],
        [
          1.003986,
          1.07968,
          1.124783,
          1.123465,
          1.08724,
          1.092136,
          1.088111,
          1.098928
        ],
        [
          1.014784,
          1.10672,
          1.129549,
          1.130887,
          1.12454,
          1.121108,
          1.083096,
          1.054424
        ],
        [
          1.058534,
          1.068297,
          1.115003,
          1.118295,
          1.103522,
          1.071732,
          1.062585,
          1.027981
        ]
      ],