{
  "metadata": {
    "thread_counts": [
      1,
      4,
      8,
      16,
      32,
      64
    ],
    "io_size_labels": [
      "64K",
      "128K",
      "256K",
      "512K",
      "1M",
      "2M",
      "4M",
      "8M"
    ]
  },
  "data": {
    "CPUONLY": {
      "throughput": [
        [
          0.13872,
          0.215392,
          0.306149,
          0.388085,
          0.402049,
          0.414225,
          0.51085,
          0.536985
        ],
        [
          0.558772,
          0.877262,
          1.191367,
          1.464402,
          1.577687,
          1.806215,
          1.94855,
          2.044548
        ],
        [
          1.072563,
          1.663224,
          2.223145,
          2.71,
          2.894774,
          3.354969,
          3.577757,
          3.727307
        ],
        [
          1.977645,
          2.878005,
          3.483857,
          3.923781,
          4.210632,
          4.107823,
          4.147979,
          3.93202
        ],
        [
          2.788277,
          3.429985,
          3.812412,
          4.055162,
          4.123704,
          4.04353,
          3.91526,
          3.834913
        ],
        [
          3.098059,
          3.791825,
          3.999797,
          3.884959,
          3.88633,
          3.768967,
          3.696033,
          3.672264
        ]
      ],
      "iops": [
        [
          2272.7860922431173,
          1764.4896665074543,
          1253.9870499290996,
          794.7976954655592,
          411.6982806135481,
          212.08341039344933,
          130.77766031617077,
          68.73406505594922
        ],
        [
          9154.919914482994,
          7186.53414364802,
          4879.838227962797,
          2999.095053470957,
          1615.551269334618,
          924.7820713979427,
          498.8287795234736,
          261.702085864898
        ],
        [
          17572.87054286037,
          13625.133820645293,
          9105.999983864962,
          5550.079117205878,
          2964.2482662387088,
          1717.7441329970663,
          915.9056725879472,
          477.0952973244767
        ],
        [
          32401.728002133626,
          23576.620940445686,
          14269.87690918818,
          8035.904171279055,
          4311.687216332899,
          2103.2055418192667,
          1061.882694749445,
          503.29856741281907
        ],
        [
          45683.137702529704,
          28098.44081400338,
          15615.638082772872,
          8304.971730492314,
          4222.672483484196,
          2070.287298638386,
          1002.3064933565628,
          490.8689124619944
        ],
        [
          50758.594542068495,
          31062.631157518714,
          16383.17037191755,
          7956.39646828034,
          3979.601702963791,
          1929.7112757319749,
          946.1845321024515,
          470.0498535435535
        ]
      ]
    },
    "CPU_GPU": {
      "throughput": [
        [
          0.127757,
          0.184055,
          0.253168,
          0.303933,
          0.314527,
          0.342576,
          0.355429,
          0.372795
        ],
        [
          0.489819,
          0.743009,
          0.965846,
          1.134284,
          1.011822,
          1.240008,
          1.291386,
          1.302075
        ],
        [
          0.926178,
          1.331791,
          1.435213,
          1.395823,
          1.406029,
          1.401242,
          1.337034,
          1.37707
        ],
        [
          1.51809,
          1.419795,
          1.41124,
          1.412265,
          1.361527,
          1.301745,
          1.29914,
          1.331017
        ],
        [
          1.244187,
          1.280894,
          1.329507,
          1.242694,
          1.212715,
          1.136772,
          1.190421,
          1.265224
        ],
        [
          1.234811,
          1.279372,
          1.246113,
          1.203173,
          1.185391,
          1.166313,
          1.272076,
          1.441775
        ]
      ],
      "iops": [
        [
          2093.176872177107,
          1507.7761458185525,
          1036.9746265271071,
          622.4549992592137,
          322.07590038936985,
          175.39907068733754,
          90.9898788924712,
          47.71773657423524
        ],
        [
          8025.190053630053,
          6086.729376897175,
          3956.1062308264145,
          2323.012914032528,
          1036.1054278362203,
          634.8842226573488,
          330.59473644863556,
          166.66553734827153
        ],
        [
          15174.501399016752,
          10910.035396570416,
          5878.631378882711,
          2858.6450904199623,
          1439.773366142635,
          717.4360546721377,
          342.2806463421564,
          176.2648984498799
        ],
        [
          24872.38014787567,
          11630.960067132395,
          5780.439335314154,
          2892.3182248680237,
          1394.203535726493,
          666.4931998767951,
          332.5798907171207,
          170.37013112848007
        ],
        [
          20384.75790846492,
          10493.083849140936,
          5445.658888259013,
          2545.0364923195402,
          1241.8200114087206,
          582.0270452268836,
          304.74777356851035,
          161.9486939837578
        ],
        [
          20231.14510130481,
          10480.618372005543,
          5104.07984186592,
          2464.0990583552143,
          1213.8407285720978,
          597.152222653312,
          325.6515756855089,
          184.54715088795263
        ]
      ]
    },
    "GPUD": {
      "throughput": [
        [
          0.135424,
          0.213732,
          0.287542,
          0.365955,
          0.381534,
          0.437018,
          0.472723,
          0.48824
        ],
        [
          0.531047,
          0.844527,
          1.138279,
          1.408723,
          1.499822,
          1.681777,
          1.820272,
          1.896262
        ],
        [
          1.022239,
          1.593599,
          2.124232,
          2.583386,
          2.766715,
          3.129373,
          3.360252,
          3.518104
        ],
        [
          1.849517,
          2.70284,
          3.374121,
          3.876813,
          3.965969,
          3.672806,
          3.918975,
          3.888437
        ],
        [
          2.773395,
          3.471455,
          3.752517,
          4.028096,
          3.924482,
          3.765881,
          3.707045,
          3.901955
        ],
        [
          3.112637,
          3.498519,
          3.632984,
          3.727544,
          3.719021,
          3.569274,
          3.751826,
          3.802593
        ]
      ],