{
  "metadata": {
    "thread_counts": [
      1,
      4,
      8,
      16,
      32,
      64
    ],
    "io_size_labels": [
      "64K",
      "128K",
      "256K",
      "512K",
      "1M",
      "2M",
      "4M",
      "8M"
    ]
  },
  "data": {
    "CPUONLY": {
      "throughput": [
        [
          0.043969,
          0.062935,
          0.080797,
          0.157091,
          0.3077,
          0.598654,
          1.084552,
          1.084701
        ],
        [
          0.044531,
          0.062424,
          0.080556,
          0.156628,
          0.30637,
          0.608223,
          1.08397,
          1.084789
        ],
        [
          0.043632,
          0.062382,
          0.080396,
          0.156629,
          0.306526,
          0.729085,
          1.084771,
          1.085995
        ],
        [
          0.043793,
          0.062397,
          0.080297,
          0.156834,
          0.306295,
          0.756486,
          1.085467,
          1.085047
        ],
        [
          0.043555,
          0.062383,
          0.080054,
          0.156675,
          0.30618,
          0.766355,
          1.086493,
          1.080395
        ],
        [
          0.043404,
          0.062419,
          0.080311,
          0.155996,
          0.30614,
          0.739887,
          1.074057,
          1.060276
        ]
      ],
      "iops": [
        [
          720.3934706968972,
          515.5649962742374,
          330.94474805670217,
          321.72234399113466,
          315.0851103645625,
          306.5107571132344,
          277.6454231293006,
          138.84167942556795
        ],
        [
          729.5955805913294,
          511.3748990953006,
          329.9557080359582,
          320.7742159722403,
          313.72299189760935,
          311.4099328329025,
          277.4963309052229,
          138.85294975205963
        ],
        [
          714.8665771507461,
          511.0316195303459,
          329.3035751188262,
          320.7765456361971,
          313.88300902990926,
          373.2916044469156,
          277.701256359883,
          139.0073252907107
        ],
        [
          717.4996330967786,
          511.1582187372969,
          328.8944792321785,
          321.19553552373037,
          313.6458418464666,
          387.3207388162377,
          277.87948460058607,
          138.8859761116121
        ],
        [
          713.6017449976126,
          511.04259999550817,
          327.89985520265907,
          320.87121492689715,
          313.5286114336872,
          392.3740142861152,
          278.1420891636299,
          138.29058396481292
        ],
        [
          711.1305463817035,
          511.33953756002455,
          328.9520454971924,
          319.4807848220429,
          313.4874718217851,
          378.822372375107,
          274.9585353694654,
          135.71526956685778
        ]
      ]
    },
    "CPU_GPU": {
      "throughput": [
        [
          0.043266,
          0.061039,
          0.077598,
          0.144688,
          0.265439,
          0.46755,
          0.745195,
          0.984786
        ],
        [
          0.043438,
          0.062161,
          0.080758,
          0.155765,
          0.306934,
          0.650931,
          1.087331,
          1.087943
        ],
        [
          0.043341,
          0.062266,
          0.080014,
          0.156475,
          0.306248,
          0.734435,
          1.087265,
          1.07865
        ],
        [
          0.043479,
          0.062183,
          0.080686,
          0.156148,
          0.305127,
          0.742459,
          1.077986,
          1.080356
        ],
        [
          0.04339,
          0.061944,
          0.079974,
          0.155954,
          0.304866,
          0.735717,
          1.080031,
          1.078628
        ],
        [
          0.043007,
          0.061784,
          0.079486,
          0.155377,
          0.3033,
          0.746351,
          1.077426,
          1.065708
        ]
      ],
      "iops": [
        [
          708.8687039870763,
          500.0310015214285,
          317.8411675135234,
          296.32166762862266,
          271.80969858555085,
          239.3856667396793,
          190.76999810852197,
          126.05258230498497
        ],
        [
          711.6827145606015,
          509.21997244554143,
          330.7839891429897,
          319.00664604553435,
          314.30070398746926,
          333.2768364370973,
          278.35685956641606,
          139.2566758905968
        ],
        [
          710.0932996519502,
          510.0817354457645,
          327.7371359652991,
          320.4610929135827,
          313.5975168083104,
          376.03081326841266,
          278.339869378998,
          138.06718349148696
        ],
        [
          712.3635674403308,
          509.40610821891374,
          330.4898387411662,
          319.79135463802794,
          312.4496135008945,
          380.1391623804666,
          275.9644748269969,
          138.2856057348695
        ],
        [
          710.909554597986,
          507.4464188398417,
          327.57547142580273,
          319.3929428198887,
          312.18309133073814,
          376.6868527866089,
          276.4880624703965,
          138.06438127090303
        ],
        [
          704.6327993263955,
          506.1335940906205,
          325.57576484222244,
          318.2130870988752,
          310.57871877710465,
          382.13170328164813,
          275.8209685059825,
          136.41062338121034
        ]
      ]
    },
    "GPUD": {
      "throughput": [
        [
          0.043112,
          0.061729,
          0.079366,
          0.153501,
          0.294881,
          0.555678,
          1.022165,
          1.079885
        ],
        [
          0.043293,
          0.062371,
          0.080618,
          0.156828,
          0.306714,
          0.757807,
          1.082543,
          1.081335
        ],
        [
          0.043216,
          0.062372,
          0.079963,
          0.156,
          0.30449,
          0.733983,
          1.083296,
          1.081052
        ],
        [
          0.043132,
          0.06203,
          0.080037,
          0.155992,
          0.305426,
          0.734766,
          1.083687,
          1.078112
        ],
        [
          0.043047,
          0.062002,
          0.079688,
          0.155715,
          0.305346,
          0.733292,
          1.082125,
          1.076138
        ],
        [
          0.042838,
          0.06187,
          0.080168,
          0.155873,
          0.304343,
          0.737737,
          1.068858,
          1.061664
        ]
      ],