{
  "metadata": {
    "title": "Root Seq Write - All Transfer Types Comparison",
    "thread_counts": [
      1,
      4,
      8,
      16,
      32,
      64
    ],
    "io_sizes": [
      65536,
      131072,
      262144,
      524288,
      1048576,
      2097152,
      4194304,
      8388608
    ],
    "io_size_labels": [
      "64K",
      "128K",
      "256K",
      "512K",
      "1M",
      "2M",
      "4M",
      "8M"
    ],
    "xfer_types": [
      "CPUONLY",
      "CPU_GPU",
      "GPUD"
    ]
  },
  "data": {
    "CPUONLY": {
      "throughput": [
        [
          0.043969,
          0.062935,
          0.080797,
          0.157091,
          0.3077,
          0.598654,
          1.084552,
          1.084701
        ],
        [
          0.044531,
          0.062424,
          0.080556,
          0.156628,
          0.30637,
          0.608223,
          1.08397,
          1.084789
        ],
        [
          0.043632,
          0.062382,
          0.080396,
          0.156629,
          0.306526,
          0.729085,
          1.084771,
          1.085995
        ],
        [
          0.043793,
          0.062397,
          0.080297,
          0.156834,
          0.306295,
          0.756486,
          1.085467,
          1.085047
        ],
        [
          0.043555,
          0.062383,
          0.080054,
          0.156675,
          0.30618,
          0.766355,
          1.086493,
          1.080395
        ],
        [
          0.043404,
          0.062419,
          0.080311,
          0.155996,
          0.30614,
          0.739887,
          1.074057,
          1.060276
        ]
      ],
      "iops": [
        [
          7084,
          4864,
          3136,
          3008,
          2992,
          2904,
          2628,
          1312
        ],
        [
          6948,
          5206,
          3253,
          2909,
          2935,
          2940,
          2638,
          1312
        ],
        [
          6993,
          5100,
          3187,
          3203,
          2841,
          3469,
          2622,
          1301
        ],
        [
          7216,
          5641,
          3007,
          3174,
          3028,
          3515,
          2591,
          1298
        ],
        [
          7658,
          7691,
          3811,
          3236,
          2857,
          3859,
          2557,
          1264
        ],
        [
          15475,
          7758,
          3748,
          3634,
          3143,
          3432,
          2739,
          1341
        ]
      ]
    },
    "CPU_GPU": {
      "throughput": [
        [
          0.043266,
          0.061039,
          0.077598,
          0.144688,
          0.265439,
          0.46755,
          0.745195,
          0.984786
        ],
        [
          0.043438,
          0.062161,
          0.080758,
          0.155765,
          0.306934,
          0.650931,
          1.087331,
          1.087943
        ],
        [
          0.043341,
          0.062266,
          0.080014,
          0.156475,
          0.306248,
          0.734435,
          1.087265,
          1.07865
        ],
        [
          0.043479,
          0.062183,
          0.080686,
          0.156148,
          0.305127,
          0.742459,
          1.077986,
          1.080356
        ],
        [
          0.04339,
          0.061944,
          0.079974,
          0.155954,
          0.304866,
          0.735717,
          1.080031,
          1.078628
        ],
        [
          0.043007,
          0.061784,
          0.079486,
          0.155377,
          0.3033,
          0.746351,
          1.077426,
          1.065708
        ]
      ],
      "iops": [
        [
          7084,
          4992,
          2944,
          2720,
          2512,
          2200,
          1764,
          1166
        ],
        [
          6670,
          4860,
          3192,
          2884,
          2863,
          3038,
          2567,
          1272
        ],
        [
          7845,
          4752,
          3025,
          3040,
          3157,
          3750,
          2563,
          1380
        ],
        [
          7607,
          5932,
          3042,
          3112,
          2930,
          3699,
          2758,
          1354
        ],
        [
          7532,
          7952,
          3972,
          3094,
          3043,
          3578,
          2677,
          1321
        ],
        [
          15942,
          7880,
          3932,
          3912,
          3063,
          3785,
          2527,
          1334
        ]
      ]
    },
    "GPUD": {
      "throughput": [
        [
          0.043112,
          0.061729,
          0.079366,
          0.153501,
          0.294881,
          0.555678,
          1.022165,
          1.079885
        ],
        [
          0.043293,
          0.062371,
          0.080618,
          0.156828,
          0.306714,
          0.757807,
          1.082543,
          1.081335
        ],
        [
          0.043216,
          0.062372,
          0.079963,
          0.156,
          0.30449,
          0.733983,
          1.083296,
          1.081052
        ],
        [
          0.043132,
          0.06203,
          0.080037,
          0.155992,
          0.305426,
          0.734766,
          1.083687,
          1.078112
        ],
        [
          0.043047,
          0.062002,
          0.079688,
          0.155715,
          0.305346,
          0.733292,
          1.082125,
          1.076138
        ],
        [
          0.042838,
          0.06187,
          0.080168,
          0.155873,
          0.304343,
          0.737737,
          1.068858,
          1.061664
        ]
      ],
      "iops": [
        [
          6831,
          4992,
          3200,
          3104,
          2880,
          2768,
          2564,
          1368
        ],
        [
          7038,
          4702,
          3138,
          3009,
          3050,
          3739,
          2678,
          1349
        ],
        [
          7494,
          5154,
          3249,
          3290,
          2860,
          3574,
          2650,
          1355
        ],
        [
          7283,
          5401,
          3059,
          2960,
          2960,
          3454,
          2652,
          1331
        ],
        [
          7181,
          7595,
          3865,
          3183,
          3119,
          3509,
          2592,
          1279
        ],
        [
          15877,
          7936,
          3977,
          3897,
          3090,
          3615,
          2682,
          1324
        ]
      ]
    }
  }
}