{
  "metadata": {
    "thread_counts": [
      1,
      4,
      8,
      16,
      32,
      64
    ],
    "io_size_labels": [
      "64K",
      "128K",
      "256K",
      "512K",
      "1M",
      "2M",
      "4M",
      "8M"
    ]
  },
  "data": {
    "CPUONLY": {
      "throughput": [
        [
          1.201202,
          1.690285,
          2.358928,
          2.824236,
          5.288685,
          9.284685,
          14.505432,
          12.239065
        ],
        [
          4.420199,
          6.509496,
          9.95769,
          10.742544,
          13.288907,
          22.720375,
          26.5874,
          26.312089
        ],
        [
          8.273714,
          12.148186,
          13.707003,
          14.896735,
          17.914147,
          24.581956,
          24.371136,
          25.559105
        ],
        [
          14.319008,
          19.398883,
          20.152786,
          20.108555,
          22.97167,
          23.62825,
          25.387384,
          24.905158
        ],
        [
          18.274788,
          23.250199,
          24.567631,
          24.831425,
          25.524572,
          26.406383,
          26.036394,
          25.144152
        ],
        [
          20.591561,
          24.287713,
          21.549986,
          24.279414,
          26.594768,
          23.333698,
          26.383843,
          26.354901
        ]
      ],
      "iops": [
        [
          19680.498572902885,
          13846.812301247413,
          9662.1693302708,
          5784.035148749556,
          5415.613330084133,
          4753.758634233075,
          3713.3905331349897,
          1566.6003165768102
        ],
        [
          72420.53408753955,
          53325.791528355425,
          40786.69790096216,
          22000.729420989486,
          13607.840327705806,
          11632.831797609619,
          6806.374397955888,
          3367.947444777335
        ],
        [
          135556.52493993653,
          99517.93763079736,
          56143.88310299916,
          30508.512949365882,
          18344.08677196712,
          12585.961346677055,
          6239.010690350058,
          3271.5654144586633
        ],
        [
          234602.6263863431,
          158915.6482055442,
          82545.81064585822,
          41182.32059300002,
          23522.99003948308,
          12097.664161237199,
          6499.170214665355,
          3187.860176161076
        ],
        [
          299414.1321363972,
          190465.62650239328,
          100629.01600385213,
          50854.758419018406,
          26137.16157406106,
          13520.068285400217,
          6665.316826617809,
          3218.4514807799937
        ],
        [
          337372.13177364814,
          198964.94414750757,
          88268.74221033942,
          49724.240364227066,
          27233.04233154442,
          11946.853274490775,
          6754.263879056663,
          3373.427387837718
        ]
      ]
    },
    "CPU_GPU": {
      "throughput": [
        [
          0.640488,
          0.885508,
          1.168287,
          1.157542,
          1.504038,
          1.748927,
          1.903144,
          1.955567
        ],
        [
          1.962079,
          2.409594,
          2.176801,
          2.160291,
          2.293493,
          2.162244,
          2.055486,
          2.015337
        ],
        [
          2.313416,
          2.516002,
          2.156904,
          2.225047,
          2.137375,
          2.032659,
          2.065286,
          2.071186
        ],
        [
          2.167723,
          2.264676,
          2.139438,
          2.045373,
          2.048711,
          2.058408,
          2.106988,
          1.996206
        ],
        [
          2.281068,
          2.239423,
          2.1684,
          2.434728,
          2.084591,
          2.052072,
          2.021339,
          6.720828
        ],
        [
          4.75436,
          6.453834,
          6.91617,
          7.06102,
          6.644377,
          2.107144,
          1.976539,
          1.853629
        ]
      ],
      "iops": [
        [
          10493.75390269922,
          7254.084119525284,
          4785.3028021404825,
          2370.6465746306044,
          1540.135136941383,
          895.4505515415741,
          487.20483165648994,
          250.3125930078555
        ],
        [
          32146.701695687767,
          19739.39773763156,
          8916.176638528155,
          4424.276616992854,
          2348.53652670484,
          1107.0690182692904,
          526.2042984647344,
          257.96312922440467
        ],
        [
          37902.999634914915,
          20611.09152507395,
          8834.677940276075,
          4556.895242738244,
          2188.672372855926,
          1040.7212663108983,
          528.7132468731671,
          265.11175252971276
        ],
        [
          35515.97418734287,
          18552.227837258546,
          8763.13740967112,
          4188.9232775454175,
          2097.8804743814258,
          1053.9047625296776,
          539.3890505343694,
          255.5143937941016
        ],
        [
          37373.012155260534,
          18345.35161349351,
          8881.765587871974,
          4986.3232026976,
          2134.621418516056,
          1050.6606307379845,
          517.462750113315,
          860.2660070924891
        ],
        [
          77895.43185254499,
          52869.80506248117,
          28328.632644412693,
          14460.96947876695,
          6803.842311218816,
          1078.8575218817803,
          505.99403067626844,
          237.26447400762223
        ]
      ]
    },
    "GPUD": {
      "throughput": [
        [
          0.780713,
          1.18524,
          1.783481,
          1.979619,
          2.821537,
          4.088575,
          4.900446,
          5.115048
        ],
        [
          2.977402,
          4.093661,
          5.929054,
          5.982685,
          6.68657,
          7.147719,
          6.46833,
          6.38473
        ],
        [
          5.107965,
          6.181268,
          6.954231,
          6.710225,
          6.859411,
          6.869249,
          6.779233,
          5.818478
        ],
        [
          5.52386,
          6.874029,
          6.424485,
          7.044277,
          6.244672,
          6.569815,
          6.971813,
          6.103482
        ],
        [
          5.53895,
          6.54437,
          6.110592,
          6.891137,
          6.595009,
          6.566134,
          6.828472,
          6.335114
        ],
        [
          5.196324,
          6.252264,
          6.577701,
          6.709694,
          6.256264,
          6.178591,
          6.409033,
          6.084137
        ]
      ],